ship_name,ETA prévu,Distance / Temps,Direction / Vitesse,Tirant d'eau actuelle,État de la navigation,Position reçue,MMSI,indicatif d'appel,Type de AIS,Drapeau AIS,Longueur / Largeur,timestamp,latitude,longitude,speed,course
SY TICONDEROGA,-,-,,-,-,2 min ago,367384280,WCD3366,Sailing vessel,United States (USA),22 / 5 m,2026-03-06 20:16:45.979617,,,,
SY TICONDEROGA,-,-,,-,-,1 min ago,367384280,WCD3366,Sailing vessel,United States (USA),22 / 5 m,2026-03-06 20:18:22.815296,,,,
SY TICONDEROGA,-,-,,-,-,0 min ago,367384280,WCD3366,Sailing vessel,United States (USA),22 / 5 m,2026-03-06 20:33:20.295661,,,,
SY TICONDEROGA,-,-,,-,-,0 min ago,367384280,WCD3366,Sailing vessel,United States (USA),22 / 5 m,2026-03-06 20:45:13.077059,,,,
SY TICONDEROGA,-,-,,-,-,0 min ago,367384280,WCD3366,Sailing vessel,United States (USA),22 / 5 m,2026-03-06 20:48:19.233009,18,-63,0.0,274.4
SY TICONDEROGA,-,-,,-,-,3 min ago,367384280,WCD3366,Sailing vessel,United States (USA),22 / 5 m,2026-03-06 20:50:43.732270,18,-63,0.0,274.4
SY TICONDEROGA,-,-,,-,-,3 min ago,367384280,WCD3366,Sailing vessel,United States (USA),22 / 5 m,2026-03-06 21:17:54.566714,18,-63,0.1,354.2
SY TICONDEROGA,-,-,,-,-,3 min ago,367384280,WCD3366,Sailing vessel,United States (USA),22 / 5 m,2026-03-06 21:47:32.393325,18,-63,0.2,354.2
SY TICONDEROGA,-,-,,-,-,3 min ago,367384280,WCD3366,Sailing vessel,United States (USA),22 / 5 m,2026-03-06 22:02:17.301806,18,-63,0.1,339.4
SY TICONDEROGA,-,-,,-,-,1 min ago,367384280,WCD3366,Sailing vessel,United States (USA),22 / 5 m,2026-03-06 22:42:56.731447,18,-63,0.0,359.4
SY TICONDEROGA,-,-,,-,-,3 min ago,367384280,WCD3366,Sailing vessel,United States (USA),22 / 5 m,2026-03-06 23:02:55.301341,18,-63,0.0,359.4
SY TICONDEROGA,-,-,,-,-,2 min ago,367384280,WCD3366,Sailing vessel,United States (USA),22 / 5 m,2026-03-06 23:37:51.907635,18,-63,0.0,102.0
SY TICONDEROGA,-,-,,-,-,3 min ago,367384280,WCD3366,Sailing vessel,United States (USA),22 / 5 m,2026-03-06 23:56:59.340588,18,-63,0.2,102.0
SY TICONDEROGA,-,-,,-,-,2 min ago,367384280,WCD3366,Sailing vessel,United States (USA),22 / 5 m,2026-03-07 02:23:11.049336,18,-63,0.3,173.7
SY TICONDEROGA,-,-,,-,-,0 min ago,367384280,WCD3366,Sailing vessel,United States (USA),22 / 5 m,2026-03-07 04:11:16.859248,18,-63,0.4,342.4
SY TICONDEROGA,-,-,,-,-,2 min ago,367384280,WCD3366,Sailing vessel,United States (USA),22 / 5 m,2026-03-07 05:08:44.487878,18,-63,0.3,206.6
SY TICONDEROGA,-,-,,-,-,2 min ago,367384280,WCD3366,Sailing vessel,United States (USA),22 / 5 m,2026-03-07 05:51:37.568829,18,-63,0.1,63.1
SY TICONDEROGA,-,-,,-,-,1 min ago,367384280,WCD3366,Sailing vessel,United States (USA),22 / 5 m,2026-03-07 06:26:16.186608,18,-63,0.2,100.8
SY TICONDEROGA,-,-,,-,-,1 min ago,367384280,WCD3366,Sailing vessel,United States (USA),22 / 5 m,2026-03-07 07:04:54.632133,18,-63,0.2,101.7
SY TICONDEROGA,-,-,,-,-,1 min ago,367384280,WCD3366,Sailing vessel,United States (USA),22 / 5 m,2026-03-07 07:39:34.571239,18,-63,0.4,281.2
SY TICONDEROGA,-,-,,-,-,0 min ago,367384280,WCD3366,Sailing vessel,United States (USA),22 / 5 m,2026-03-07 07:56:37.222455,18,-63,0.2,271.0
SY TICONDEROGA,-,-,,-,-,1 min ago,367384280,WCD3366,Sailing vessel,United States (USA),22 / 5 m,2026-03-07 08:36:17.077981,18,-63,0.4,349.4
SY TICONDEROGA,-,-,,-,-,1 min ago,367384280,WCD3366,Sailing vessel,United States (USA),22 / 5 m,2026-03-07 09:00:04.032916,18,-63,0.0,349.4
SY TICONDEROGA,-,-,,-,-,0 min ago,367384280,WCD3366,Sailing vessel,United States (USA),22 / 5 m,2026-03-07 09:38:38.055139,18,-63,0.2,122.8
SY TICONDEROGA,-,-,,-,-,3 min ago,367384280,WCD3366,Sailing vessel,United States (USA),22 / 5 m,2026-03-07 09:56:14.376243,18,-63,0.1,204.3
SY TICONDEROGA,-,-,,-,-,1 min ago,367384280,WCD3366,Sailing vessel,United States (USA),22 / 5 m,2026-03-07 10:27:16.062154,18,-63,0.0,106.4
SY TICONDEROGA,-,-,,-,-,3 min ago,367384280,WCD3366,Sailing vessel,United States (USA),22 / 5 m,2026-03-07 10:50:13.229944,18,-63,0.1,94.5
SY TICONDEROGA,-,-,,-,-,1 min ago,367384280,WCD3366,Sailing vessel,United States (USA),22 / 5 m,2026-03-07 11:01:08.215719,18,-63,0.0,103.3
SY TICONDEROGA,-,-,,-,-,1 min ago,367384280,WCD3366,Sailing vessel,United States (USA),22 / 5 m,2026-03-07 11:30:34.925154,18,-63,0.0,124.5
SY TICONDEROGA,-,-,,-,-,3 min ago,367384280,WCD3366,Sailing vessel,United States (USA),22 / 5 m,2026-03-07 11:47:27.003112,18,-63,0.0,124.5
SY TICONDEROGA,-,-,,-,-,2 min ago,367384280,WCD3366,Sailing vessel,United States (USA),22 / 5 m,2026-03-07 11:58:08.853956,18,-63,0.1,123.1
SY TICONDEROGA,-,-,,-,-,1 min ago,367384280,WCD3366,Sailing vessel,United States (USA),22 / 5 m,2026-03-07 13:03:27.129795,18,-63,0.1,107.0
SY TICONDEROGA,-,-,,-,-,2 min ago,367384280,WCD3366,Sailing vessel,United States (USA),22 / 5 m,2026-03-07 13:47:07.467604,18,-63,0.0,248.8
SY TICONDEROGA,-,-,,-,-,1 min ago,367384280,WCD3366,Sailing vessel,United States (USA),22 / 5 m,2026-03-07 14:02:04.299639,18,-63,0.5,121.1
SY TICONDEROGA,-,-,,-,-,5 min ago,367384280,WCD3366,Sailing vessel,United States (USA),22 / 5 m,2026-03-07 14:35:54.092699,18,-63,0.3,238.1
SY TICONDEROGA,-,-,,-,-,1 min ago,367384280,WCD3366,Sailing vessel,United States (USA),22 / 5 m,2026-03-07 14:55:11.920680,18,-63,0.3,90.8
SY TICONDEROGA,-,-,,-,-,1 min ago,367384280,WCD3366,Sailing vessel,United States (USA),22 / 5 m,2026-03-07 15:22:57.410213,18,-63,0.3,247.4
SY TICONDEROGA,-,-,,-,-,3 min ago,367384280,WCD3366,Sailing vessel,United States (USA),22 / 5 m,2026-03-07 15:43:54.875829,18,-63,0.3,330.4
SY TICONDEROGA,-,-,,-,-,0 min ago,367384280,WCD3366,Sailing vessel,United States (USA),22 / 5 m,2026-03-07 15:58:46.032021,18,-63,0.1,99.0
SY TICONDEROGA,-,-,,-,-,1 min ago,367384280,WCD3366,Sailing vessel,United States (USA),22 / 5 m,2026-03-07 16:38:40.468582,18,-63,0.1,179.2
SY TICONDEROGA,-,-,,-,-,2 min ago,367384280,WCD3366,Sailing vessel,United States (USA),22 / 5 m,2026-03-07 16:57:24.492544,18,-63,0.0,179.2
SY TICONDEROGA,-,-,,-,-,2 min ago,367384280,WCD3366,Sailing vessel,United States (USA),22 / 5 m,2026-03-07 17:27:16.464683,18,-63,0.1,252.9
SY TICONDEROGA,-,-,,-,-,2 min ago,367384280,WCD3366,Sailing vessel,United States (USA),22 / 5 m,2026-03-07 17:47:57.652314,18,-63,0.0,270.8
SY TICONDEROGA,-,-,,-,-,1 min ago,367384280,WCD3366,Sailing vessel,United States (USA),22 / 5 m,2026-03-07 17:59:22.849697,18,-63,0.3,270.8
SY TICONDEROGA,-,-,,-,-,1 min ago,367384280,WCD3366,Sailing vessel,United States (USA),22 / 5 m,2026-03-07 18:47:45.985240,18,-63,0.3,314.4
SY TICONDEROGA,-,-,,-,-,0 min ago,367384280,WCD3366,Sailing vessel,United States (USA),22 / 5 m,2026-03-07 19:10:52.402438,18,-63,0.2,331.4
SY TICONDEROGA,-,-,,-,-,3 min ago,367384280,WCD3366,Sailing vessel,United States (USA),22 / 5 m,2026-03-07 19:34:08.360425,18,-63,0.0,286.9
SY TICONDEROGA,-,-,,-,-,3 min ago,367384280,WCD3366,Sailing vessel,United States (USA),22 / 5 m,2026-03-07 19:49:24.492100,18,-63,0.0,142.8
SY TICONDEROGA,-,-,,-,-,2 min ago,367384280,WCD3366,Sailing vessel,United States (USA),22 / 5 m,2026-03-07 20:00:02.243733,18,-63,0.0,199.4
SY TICONDEROGA,-,-,,-,-,2 min ago,367384280,WCD3366,Sailing vessel,United States (USA),22 / 5 m,2026-03-07 20:36:04.888774,18,-63,0.2,225.4
SY TICONDEROGA,-,-,,-,-,3 min ago,367384280,WCD3366,Sailing vessel,United States (USA),22 / 5 m,2026-03-07 20:54:52.342975,18,-63,0.2,192.2
SY TICONDEROGA,-,-,,-,-,0 min ago,367384280,WCD3366,Sailing vessel,United States (USA),22 / 5 m,2026-03-07 21:19:59.576585,18,-63,0.0,192.2
SY TICONDEROGA,-,-,,-,-,2 min ago,367384280,WCD3366,Sailing vessel,United States (USA),22 / 5 m,2026-03-07 21:39:38.522929,18,-63,0.3,173.2
SY TICONDEROGA,-,-,,-,-,1 min ago,367384280,WCD3366,Sailing vessel,United States (USA),22 / 5 m,2026-03-07 21:53:05.933530,18,-63,0.1,153.5
SY TICONDEROGA,-,-,,-,-,1 min ago,367384280,WCD3366,Sailing vessel,United States (USA),22 / 5 m,2026-03-07 22:17:07.785896,18,-63,0.0,156.6
SY TICONDEROGA,-,-,,-,-,1 min ago,367384280,WCD3366,Sailing vessel,United States (USA),22 / 5 m,2026-03-07 22:44:08.374865,18,-63,0.0,129.1
SY TICONDEROGA,-,-,,-,-,1 min ago,367384280,WCD3366,Sailing vessel,United States (USA),22 / 5 m,2026-03-07 22:59:14.600001,18,-63,0.2,227.6
SY TICONDEROGA,-,-,,-,-,1 min ago,367384280,WCD3366,Sailing vessel,United States (USA),22 / 5 m,2026-03-07 23:32:13.226724,18,-63,0.0,227.6
SY TICONDEROGA,-,-,,-,-,2 min ago,367384280,WCD3366,Sailing vessel,United States (USA),22 / 5 m,2026-03-07 23:50:57.028717,18,-63,0.0,276.2
SY TICONDEROGA,-,-,,-,-,0 min ago,367384280,WCD3366,Sailing vessel,United States (USA),22 / 5 m,2026-03-08 01:01:39.336479,18,-63,0.0,301.1
SY TICONDEROGA,-,-,,-,-,1 min ago,367384280,WCD3366,Sailing vessel,United States (USA),22 / 5 m,2026-03-08 03:35:25.612345,18,-63,0.1,332.7
SY TICONDEROGA,-,-,,-,-,2 min ago,367384280,WCD3366,Sailing vessel,United States (USA),22 / 5 m,2026-03-08 05:00:56.935793,18,-63,0.0,132.7
SY TICONDEROGA,-,-,,-,-,1 min ago,367384280,WCD3366,Sailing vessel,United States (USA),22 / 5 m,2026-03-08 05:53:24.444849,18,-63,0.2,223.2
SY TICONDEROGA,-,-,,-,-,2 min ago,367384280,WCD3366,Sailing vessel,United States (USA),22 / 5 m,2026-03-08 06:36:24.600297,18,-63,0.2,145.1
SY TICONDEROGA,-,-,,-,-,0 min ago,367384280,WCD3366,Sailing vessel,United States (USA),22 / 5 m,2026-03-08 07:19:41.649236,18,-63,0.0,108.5
SY TICONDEROGA,-,-,,-,-,0 min ago,367384280,WCD3366,Sailing vessel,United States (USA),22 / 5 m,2026-03-08 07:46:46.287750,18,-63,0.0,108.5
SY TICONDEROGA,-,-,,-,-,2 min ago,367384280,WCD3366,Sailing vessel,United States (USA),22 / 5 m,2026-03-08 08:00:25.601760,18,-63,0.1,326.6
SY TICONDEROGA,-,-,,-,-,2 min ago,367384280,WCD3366,Sailing vessel,United States (USA),22 / 5 m,2026-03-08 08:44:43.865494,18,-63,0.2,20.2
SY TICONDEROGA,-,-,,-,-,2 min ago,367384280,WCD3366,Sailing vessel,United States (USA),22 / 5 m,2026-03-08 09:03:33.615975,18,-63,0.0,20.2
SY TICONDEROGA,-,-,,-,-,3 min ago,367384280,WCD3366,Sailing vessel,United States (USA),22 / 5 m,2026-03-08 09:40:49.915172,18,-63,0.0,316.2
SY TICONDEROGA,-,-,,-,-,3 min ago,367384280,WCD3366,Sailing vessel,United States (USA),22 / 5 m,2026-03-08 09:58:02.309552,18,-63,0.1,316.2
SY TICONDEROGA,-,-,,-,-,2 min ago,367384280,WCD3366,Sailing vessel,United States (USA),22 / 5 m,2026-03-08 10:33:42.970613,18,-63,0.1,168.1
SY TICONDEROGA,-,-,,-,-,3 min ago,367384280,WCD3366,Sailing vessel,United States (USA),22 / 5 m,2026-03-08 10:55:05.868463,18,-63,0.6,108.4
SY TICONDEROGA,-,-,,-,-,1 min ago,367384280,WCD3366,Sailing vessel,United States (USA),22 / 5 m,2026-03-08 11:20:48.777326,18,-63,0.1,61.6
SY TICONDEROGA,-,-,,-,-,3 min ago,367384280,WCD3366,Sailing vessel,United States (USA),22 / 5 m,2026-03-08 11:40:42.023883,18,-63,0.0,83.4
SY TICONDEROGA,-,-,,-,-,2 min ago,367384280,WCD3366,Sailing vessel,United States (USA),22 / 5 m,2026-03-08 11:54:33.017359,18,-63,0.1,100.1
SY TICONDEROGA,-,-,,-,-,3 min ago,367384280,WCD3366,Sailing vessel,United States (USA),22 / 5 m,2026-03-08 12:43:17.925960,18,-63,0.1,206.9
SY TICONDEROGA,-,-,,-,-,2 min ago,367384280,WCD3366,Sailing vessel,United States (USA),22 / 5 m,2026-03-08 13:30:19.204700,18,-63,0.0,177.2
SY TICONDEROGA,-,-,,-,-,0 min ago,367384280,WCD3366,Sailing vessel,United States (USA),22 / 5 m,2026-03-08 13:59:00.243098,18,-63,0.0,156.9
SY TICONDEROGA,-,-,,-,-,3 min ago,367384280,WCD3366,Sailing vessel,United States (USA),22 / 5 m,2026-03-08 14:34:06.050483,18,-63,0.0,206.1
SY TICONDEROGA,-,-,,-,-,3 min ago,367384280,WCD3366,Sailing vessel,United States (USA),22 / 5 m,2026-03-08 14:55:02.908036,18,-63,0.0,115.5
SY TICONDEROGA,-,-,,-,-,2 min ago,367384280,WCD3366,Sailing vessel,United States (USA),22 / 5 m,2026-03-08 15:23:20.735691,18,-63,0.1,337.4
SY TICONDEROGA,-,-,,-,-,1 min ago,367384280,WCD3366,Sailing vessel,United States (USA),22 / 5 m,2026-03-08 15:44:49.036211,18,-63,0.2,326.5
SY TICONDEROGA,-,-,,-,-,1 min ago,367384280,WCD3366,Sailing vessel,United States (USA),22 / 5 m,2026-03-08 15:59:44.780674,18,-63,0.6,326.5
SY TICONDEROGA,-,-,,-,-,3 min ago,367384280,WCD3366,Sailing vessel,United States (USA),22 / 5 m,2026-03-08 16:40:29.779693,18,-63,0.0,292.2
SY TICONDEROGA,-,-,,-,-,1 min ago,367384280,WCD3366,Sailing vessel,United States (USA),22 / 5 m,2026-03-08 17:00:08.338149,18,-63,0.0,292.2
SY TICONDEROGA,-,-,,-,-,2 min ago,367384280,WCD3366,Sailing vessel,United States (USA),22 / 5 m,2026-03-08 17:33:05.886196,18,-63,0.3,292.2
SY TICONDEROGA,-,-,,-,-,1 min ago,367384280,WCD3366,Sailing vessel,United States (USA),22 / 5 m,2026-03-08 17:53:45.749855,18,-63,0.0,292.2
SY TICONDEROGA,-,-,,-,-,3 min ago,367384280,WCD3366,Sailing vessel,United States (USA),22 / 5 m,2026-03-08 18:28:04.950904,18,-63,0.4,293.9
SY TICONDEROGA,-,-,,-,-,2 min ago,367384280,WCD3366,Sailing vessel,United States (USA),22 / 5 m,2026-03-08 18:59:11.735976,18,-63,0.2,300.2
SY TICONDEROGA,-,-,,-,-,1 min ago,367384280,WCD3366,Sailing vessel,United States (USA),22 / 5 m,2026-03-08 19:31:56.499369,18,-63,0.5,224.0
SY TICONDEROGA,-,-,,-,-,3 min ago,367384280,WCD3366,Sailing vessel,United States (USA),22 / 5 m,2026-03-08 19:48:34.118659,18,-63,0.2,264.3
SY TICONDEROGA,-,-,,-,-,4 min ago,367384280,WCD3366,Sailing vessel,United States (USA),22 / 5 m,2026-03-08 19:59:18.318835,18,-63,0.1,224.3
SY TICONDEROGA,-,-,,-,-,0 min ago,367384280,WCD3366,Sailing vessel,United States (USA),22 / 5 m,2026-03-08 20:37:12.997741,18,-63,0.3,221.2
SY TICONDEROGA,-,-,,-,-,2 min ago,367384280,WCD3366,Sailing vessel,United States (USA),22 / 5 m,2026-03-08 20:56:44.195996,18,-63,0.1,221.2
SY TICONDEROGA,-,-,,-,-,1 min ago,367384280,WCD3366,Sailing vessel,United States (USA),22 / 5 m,2026-03-08 21:28:27.810910,18,-63,0.4,314.9
SY TICONDEROGA,-,-,,-,-,1 min ago,367384280,WCD3366,Sailing vessel,United States (USA),22 / 5 m,2026-03-08 21:48:51.792299,18,-63,0.1,203.6
SY TICONDEROGA,-,-,,-,-,0 min ago,367384280,WCD3366,Sailing vessel,United States (USA),22 / 5 m,2026-03-08 22:00:01.676320,18,-63,0.5,156.9
SY TICONDEROGA,-,-,,-,-,2 min ago,367384280,WCD3366,Sailing vessel,United States (USA),22 / 5 m,2026-03-08 22:35:04.736142,18,-63,0.0,76.9
SY TICONDEROGA,-,-,,-,-,1 min ago,367384280,WCD3366,Sailing vessel,United States (USA),22 / 5 m,2026-03-08 22:55:18.395456,18,-63,0.1,350.7
SY TICONDEROGA,-,-,,-,-,1 min ago,367384280,WCD3366,Sailing vessel,United States (USA),22 / 5 m,2026-03-08 23:24:53.184124,18,-63,0.0,350.7
SY TICONDEROGA,-,-,,-,-,2 min ago,367384280,WCD3366,Sailing vessel,United States (USA),22 / 5 m,2026-03-08 23:46:49.623511,18,-63,0.1,305.4
SY TICONDEROGA,-,-,,-,-,0 min ago,367384280,WCD3366,Sailing vessel,United States (USA),22 / 5 m,2026-03-09 00:00:09.407330,18,-63,0.3,59.2
SY TICONDEROGA,-,-,,-,-,0 min ago,367384280,WCD3366,Sailing vessel,United States (USA),22 / 5 m,2026-03-09 02:54:16.693645,18,-63,0.3,230.9
SY TICONDEROGA,-,-,,-,-,1 min ago,367384280,WCD3366,Sailing vessel,United States (USA),22 / 5 m,2026-03-09 04:49:18.685870,18,-63,0.0,156.5
SY TICONDEROGA,-,-,,-,-,0 min ago,367384280,WCD3366,Sailing vessel,United States (USA),22 / 5 m,2026-03-09 05:47:25.167459,18,-63,0.4,124.3
SY TICONDEROGA,-,-,,-,-,1 min ago,367384280,WCD3366,Sailing vessel,United States (USA),22 / 5 m,2026-03-09 06:43:53.462764,18,-63,0.4,214.1
SY TICONDEROGA,-,-,,-,-,1 min ago,367384280,WCD3366,Sailing vessel,United States (USA),22 / 5 m,2026-03-09 07:40:38.689255,18,-63,0.0,38.2
SY TICONDEROGA,-,-,,-,-,2 min ago,367384280,WCD3366,Sailing vessel,United States (USA),22 / 5 m,2026-03-09 08:26:46.704310,18,-63,0.0,264.3
SY TICONDEROGA,-,-,,-,-,3 min ago,367384280,WCD3366,Sailing vessel,United States (USA),22 / 5 m,2026-03-09 09:09:24.351820,18,-63,0.5,111.1
SY TICONDEROGA,-,-,,-,-,0 min ago,367384280,WCD3366,Sailing vessel,United States (USA),22 / 5 m,2026-03-09 10:06:48.363998,18,-63,0.1,326.5
SY TICONDEROGA,-,-,,-,-,1 min ago,367384280,WCD3366,Sailing vessel,United States (USA),22 / 5 m,2026-03-09 11:01:37.375645,18,-63,0.3,319.8
SY TICONDEROGA,-,-,,-,-,1 min ago,367384280,WCD3366,Sailing vessel,United States (USA),22 / 5 m,2026-03-09 11:43:06.545966,18,-63,0.1,74.7
SY TICONDEROGA,-,-,,-,-,3 min ago,367384280,WCD3366,Sailing vessel,United States (USA),22 / 5 m,2026-03-09 12:03:04.554768,18,-63,0.1,309.3
SY TICONDEROGA,-,-,,-,-,2 min ago,367384280,WCD3366,Sailing vessel,United States (USA),22 / 5 m,2026-03-09 13:38:16.250498,18,-63,0.1,125.1
SY TICONDEROGA,-,-,,-,-,2 min ago,367384280,WCD3366,Sailing vessel,United States (USA),22 / 5 m,2026-03-09 14:34:57.003499,18,-63,0.2,273.8
SY TICONDEROGA,-,-,,-,-,1 min ago,367384280,WCD3366,Sailing vessel,United States (USA),22 / 5 m,2026-03-09 15:37:47.361280,18,-63,0.1,239.2
SY TICONDEROGA,-,-,,-,-,2 min ago,367384280,WCD3366,Sailing vessel,United States (USA),22 / 5 m,2026-03-09 16:38:36.027121,18,-63,0.0,332.7
SY TICONDEROGA,-,-,,-,-,2 min ago,367384280,WCD3366,Sailing vessel,United States (USA),22 / 5 m,2026-03-09 17:32:18.105425,18,-63,0.3,315.3
SY TICONDEROGA,-,-,,-,-,1 min ago,367384280,WCD3366,Sailing vessel,United States (USA),22 / 5 m,2026-03-09 18:10:22.754088,18,-63,0.0,293.0
SY TICONDEROGA,-,-,,-,-,1 min ago,367384280,WCD3366,Sailing vessel,United States (USA),22 / 5 m,2026-03-09 19:10:34.268763,18,-63,0.6,324.4
SY TICONDEROGA,-,-,,-,-,1 min ago,367384280,WCD3366,Sailing vessel,United States (USA),22 / 5 m,2026-03-09 19:52:15.958049,18,-63,0.3,331.0
SY TICONDEROGA,-,-,,-,-,3 min ago,367384280,WCD3366,Sailing vessel,United States (USA),22 / 5 m,2026-03-09 20:24:24.008667,18,-63,0.0,41.9
SY TICONDEROGA,-,-,,-,-,2 min ago,367384280,WCD3366,Sailing vessel,United States (USA),22 / 5 m,2026-03-09 20:58:49.850936,18,-63,0.0,0.1
SY TICONDEROGA,-,-,,-,-,2 min ago,367384280,WCD3366,Sailing vessel,United States (USA),22 / 5 m,2026-03-09 21:41:23.145907,18,-63,0.2,336.6
SY TICONDEROGA,-,-,,-,-,1 min ago,367384280,WCD3366,Sailing vessel,United States (USA),22 / 5 m,2026-03-09 22:00:58.005584,18,-63,0.3,132.1
SY TICONDEROGA,-,-,,-,-,1 min ago,367384280,WCD3366,Sailing vessel,United States (USA),22 / 5 m,2026-03-09 22:40:26.865685,18,-63,0.0,237.3
SY TICONDEROGA,-,-,,-,-,2 min ago,367384280,WCD3366,Sailing vessel,United States (USA),22 / 5 m,2026-03-09 23:01:45.685638,18,-63,0.0,264.8
SY TICONDEROGA,-,-,,-,-,2 min ago,367384280,WCD3366,Sailing vessel,United States (USA),22 / 5 m,2026-03-09 23:38:15.299449,18,-63,0.1,273.9
SY TICONDEROGA,-,-,,-,-,2 min ago,367384280,WCD3366,Sailing vessel,United States (USA),22 / 5 m,2026-03-09 23:56:19.645297,18,-63,0.4,158.9
SY TICONDEROGA,-,-,,-,-,3 min ago,367384280,WCD3366,Sailing vessel,United States (USA),22 / 5 m,2026-03-10 02:12:26.346915,18,-63,0.3,13.7
SY TICONDEROGA,-,-,,-,-,2 min ago,367384280,WCD3366,Sailing vessel,United States (USA),22 / 5 m,2026-03-10 04:18:33.575531,18,-63,0.1,345.7
SY TICONDEROGA,-,-,,-,-,3 min ago,367384280,WCD3366,Sailing vessel,United States (USA),22 / 5 m,2026-03-10 05:28:51.775949,18,-63,0.5,60.8
SY TICONDEROGA,-,-,,-,-,3 min ago,367384280,WCD3366,Sailing vessel,United States (USA),22 / 5 m,2026-03-10 06:07:10.426660,18,-63,0.0,269.8
SY TICONDEROGA,-,-,,-,-,3 min ago,367384280,WCD3366,Sailing vessel,United States (USA),22 / 5 m,2026-03-10 07:07:22.514183,18,-63,0.0,275.7
SY TICONDEROGA,-,-,,-,-,1 min ago,367384280,WCD3366,Sailing vessel,United States (USA),22 / 5 m,2026-03-10 07:53:34.371219,18,-63,0.0,202.8
SY TICONDEROGA,-,-,,-,-,1 min ago,367384280,WCD3366,Sailing vessel,United States (USA),22 / 5 m,2026-03-10 08:35:17.653405,18,-63,0.0,139.4
SY TICONDEROGA,-,-,,-,-,3 min ago,367384280,WCD3366,Sailing vessel,United States (USA),22 / 5 m,2026-03-10 09:25:33.617860,18,-63,0.3,126.4
SY TICONDEROGA,-,-,,-,-,2 min ago,367384280,WCD3366,Sailing vessel,United States (USA),22 / 5 m,2026-03-10 10:06:31.701164,18,-63,0.0,123.7
SY TICONDEROGA,-,-,,-,-,4 min ago,367384280,WCD3366,Sailing vessel,United States (USA),22 / 5 m,2026-03-10 10:59:05.016577,18,-63,0.0,170.7
SY TICONDEROGA,-,-,,-,-,3 min ago,367384280,WCD3366,Sailing vessel,United States (USA),22 / 5 m,2026-03-10 11:40:24.966520,18,-63,0.1,189.5
SY TICONDEROGA,-,-,,-,-,3 min ago,367384280,WCD3366,Sailing vessel,United States (USA),22 / 5 m,2026-03-10 12:01:37.835991,18,-63,0.1,283.0
SY TICONDEROGA,-,-,,-,-,1 min ago,367384280,WCD3366,Sailing vessel,United States (USA),22 / 5 m,2026-03-10 13:23:28.066533,18,-63,0.0,113.7
SY TICONDEROGA,-,-,,-,-,1 min ago,367384280,WCD3366,Sailing vessel,United States (USA),22 / 5 m,2026-03-10 14:11:47.020477,18,-63,0.2,280.7
SY TICONDEROGA,-,-,,-,-,1 min ago,367384280,WCD3366,Sailing vessel,United States (USA),22 / 5 m,2026-03-10 15:11:30.992347,18,-63,0.4,111.9
SY TICONDEROGA,-,-,,-,-,4 min ago,367384280,WCD3366,Sailing vessel,United States (USA),22 / 5 m,2026-03-10 16:15:46.239795,18,-63,0.3,47.3
SY TICONDEROGA,-,-,,-,-,0 min ago,367384280,WCD3366,Sailing vessel,United States (USA),22 / 5 m,2026-03-10 17:10:49.564618,18,-63,0.1,208.9
SY TICONDEROGA,-,-,,-,-,3 min ago,367384280,WCD3366,Sailing vessel,United States (USA),22 / 5 m,2026-03-10 18:01:12.026128,18,-63,0.1,296.6
SY TICONDEROGA,-,-,,-,-,2 min ago,367384280,WCD3366,Sailing vessel,United States (USA),22 / 5 m,2026-03-10 19:03:38.690978,18,-63,0.0,287.5
SY TICONDEROGA,-,-,,-,-,1 min ago,367384280,WCD3366,Sailing vessel,United States (USA),22 / 5 m,2026-03-10 19:48:11.894669,18,-63,0.0,175.5
SY TICONDEROGA,-,-,,-,-,0 min ago,367384280,WCD3366,Sailing vessel,United States (USA),22 / 5 m,2026-03-10 20:18:18.626808,18,-63,0.1,175.2
SY TICONDEROGA,-,-,,-,-,0 min ago,367384280,WCD3366,Sailing vessel,United States (USA),22 / 5 m,2026-03-10 20:53:36.119209,18,-63,0.0,266.3
SY TICONDEROGA,-,-,,-,-,3 min ago,367384280,WCD3366,Sailing vessel,United States (USA),22 / 5 m,2026-03-10 21:25:34.858843,18,-63,0.4,266.3
SY TICONDEROGA,-,-,,-,-,1 min ago,367384280,WCD3366,Sailing vessel,United States (USA),22 / 5 m,2026-03-10 21:51:09.627449,18,-63,0.2,188.5
SY TICONDEROGA,-,-,,-,-,2 min ago,367384280,WCD3366,Sailing vessel,United States (USA),22 / 5 m,2026-03-10 22:16:00.313343,18,-63,0.0,165.8
SY TICONDEROGA,-,-,,-,-,2 min ago,367384280,WCD3366,Sailing vessel,United States (USA),22 / 5 m,2026-03-10 22:49:15.797265,18,-63,0.0,295.4
SY TICONDEROGA,-,-,,-,-,1 min ago,367384280,WCD3366,Sailing vessel,United States (USA),22 / 5 m,2026-03-10 23:15:04.808035,18,-63,0.0,295.4
SY TICONDEROGA,-,-,,-,-,1 min ago,367384280,WCD3366,Sailing vessel,United States (USA),22 / 5 m,2026-03-10 23:45:12.507334,18,-63,0.2,340.4
SY TICONDEROGA,-,-,,-,-,3 min ago,367384280,WCD3366,Sailing vessel,United States (USA),22 / 5 m,2026-03-10 23:59:25.430821,18,-63,0.3,61.0
SY TICONDEROGA,-,-,,-,-,1 min ago,367384280,WCD3366,Sailing vessel,United States (USA),22 / 5 m,2026-03-11 02:44:48.531848,18,-63,0.0,54.4
SY TICONDEROGA,-,-,,-,-,2 min ago,367384280,WCD3366,Sailing vessel,United States (USA),22 / 5 m,2026-03-11 04:24:59.919784,18,-63,0.2,207.3
SY TICONDEROGA,-,-,,-,-,1 min ago,367384280,WCD3366,Sailing vessel,United States (USA),22 / 5 m,2026-03-11 05:32:29.293382,18,-63,0.4,120.6
SY TICONDEROGA,-,-,,-,-,1 min ago,367384280,WCD3366,Sailing vessel,United States (USA),22 / 5 m,2026-03-11 06:10:08.640899,18,-63,0.2,100.9
SY TICONDEROGA,-,-,,-,-,0 min ago,367384280,WCD3366,Sailing vessel,United States (USA),22 / 5 m,2026-03-11 07:12:09.054034,18,-63,0.0,333.9
SY TICONDEROGA,-,-,,-,-,2 min ago,367384280,WCD3366,Sailing vessel,United States (USA),22 / 5 m,2026-03-11 07:55:51.354878,18,-63,0.1,321.4
SY TICONDEROGA,-,-,,-,-,2 min ago,367384280,WCD3366,Sailing vessel,United States (USA),22 / 5 m,2026-03-11 08:43:38.369433,18,-63,0.1,35.6
SY TICONDEROGA,-,-,,-,-,14 min ago,367384280,WCD3366,Sailing vessel,United States (USA),22 / 5 m,2026-03-11 09:28:47.760331,18,-63,0.4,137.9
SY TICONDEROGA,-,-,,-,-,1 min ago,367384280,WCD3366,Sailing vessel,United States (USA),22 / 5 m,2026-03-11 10:09:21.705297,18,-63,0.1,102.4
SY TICONDEROGA,-,-,,-,-,1 min ago,367384280,WCD3366,Sailing vessel,United States (USA),22 / 5 m,2026-03-11 11:00:41.536464,18,-63,0.2,317.8
SY TICONDEROGA,-,-,,-,-,1 min ago,367384280,WCD3366,Sailing vessel,United States (USA),22 / 5 m,2026-03-11 11:42:42.778845,18,-63,0.2,79.6
SY TICONDEROGA,-,-,,-,-,1 min ago,367384280,WCD3366,Sailing vessel,United States (USA),22 / 5 m,2026-03-11 12:03:20.154506,18,-63,0.0,4.1
SY TICONDEROGA,-,-,,-,-,1 min ago,367384280,WCD3366,Sailing vessel,United States (USA),22 / 5 m,2026-03-11 13:25:00.029877,18,-63,0.1,145.8
SY TICONDEROGA,-,-,,-,-,3 min ago,367384280,WCD3366,Sailing vessel,United States (USA),22 / 5 m,2026-03-11 14:26:50.726927,18,-63,0.0,271.7
SY TICONDEROGA,-,-,,-,-,0 min ago,367384280,WCD3366,Sailing vessel,United States (USA),22 / 5 m,2026-03-11 15:13:12.685733,18,-63,0.1,118.8
SY TICONDEROGA,-,-,,-,-,1 min ago,367384280,WCD3366,Sailing vessel,United States (USA),22 / 5 m,2026-03-11 16:04:52.762210,18,-63,0.1,337.2
SY TICONDEROGA,-,-,,-,-,1 min ago,367384280,WCD3366,Sailing vessel,United States (USA),22 / 5 m,2026-03-11 17:07:27.099916,18,-63,0.2,19.7
SY TICONDEROGA,-,-,,-,-,2 min ago,367384280,WCD3366,Sailing vessel,United States (USA),22 / 5 m,2026-03-11 18:02:02.699866,18,-63,0.2,358.7
SY TICONDEROGA,-,-,,-,-,0 min ago,367384280,WCD3366,Sailing vessel,United States (USA),22 / 5 m,2026-03-11 19:06:41.365613,18,-63,0.1,175.1
SY TICONDEROGA,-,-,,-,-,1 min ago,367384280,WCD3366,Sailing vessel,United States (USA),22 / 5 m,2026-03-11 19:49:32.663300,18,-63,0.0,141.2
SY TICONDEROGA,-,-,,-,-,1 min ago,367384280,WCD3366,Sailing vessel,United States (USA),22 / 5 m,2026-03-11 20:19:50.740125,18,-63,0.0,116.7
SY TICONDEROGA,-,-,,-,-,2 min ago,367384280,WCD3366,Sailing vessel,United States (USA),22 / 5 m,2026-03-11 20:53:56.767512,18,-63,0.0,116.7
SY TICONDEROGA,-,-,,-,-,2 min ago,367384280,WCD3366,Sailing vessel,United States (USA),22 / 5 m,2026-03-11 21:29:12.477310,18,-63,0.1,353.9
SY TICONDEROGA,-,-,,-,-,3 min ago,367384280,WCD3366,Sailing vessel,United States (USA),22 / 5 m,2026-03-11 21:57:16.116062,18,-63,0.4,237.8
SY TICONDEROGA,-,-,,-,-,2 min ago,367384280,WCD3366,Sailing vessel,United States (USA),22 / 5 m,2026-03-11 22:32:24.230601,18,-63,0.1,160.8
SY TICONDEROGA,-,-,,-,-,3 min ago,367384280,WCD3366,Sailing vessel,United States (USA),22 / 5 m,2026-03-11 22:54:27.185622,18,-63,0.0,132.1
SY TICONDEROGA,-,-,,-,-,2 min ago,367384280,WCD3366,Sailing vessel,United States (USA),22 / 5 m,2026-03-11 23:23:35.087231,18,-63,0.0,132.1
SY TICONDEROGA,-,-,,-,-,3 min ago,367384280,WCD3366,Sailing vessel,United States (USA),22 / 5 m,2026-03-11 23:48:12.521094,18,-63,0.3,71.4
SY TICONDEROGA,-,-,,-,-,3 min ago,367384280,WCD3366,Sailing vessel,United States (USA),22 / 5 m,2026-03-12 00:46:57.215151,18,-63,0.0,340.7
SY TICONDEROGA,-,-,,-,-,1 min ago,367384280,WCD3366,Sailing vessel,United States (USA),22 / 5 m,2026-03-12 05:03:10.792018,18,-63,0.2,62.4
SY TICONDEROGA,-,-,,-,-,0 min ago,367384280,WCD3366,Sailing vessel,United States (USA),22 / 5 m,2026-03-12 06:02:23.939984,18,-63,0.1,222.2
SY TICONDEROGA,-,-,,-,-,2 min ago,367384280,WCD3366,Sailing vessel,United States (USA),22 / 5 m,2026-03-12 07:10:20.437228,18,-63,0.4,229.2
SY TICONDEROGA,-,-,,-,-,2 min ago,367384280,WCD3366,Sailing vessel,United States (USA),22 / 5 m,2026-03-12 07:55:22.298288,18,-63,0.0,249.9
SY TICONDEROGA,-,-,,-,-,2 min ago,367384280,WCD3366,Sailing vessel,United States (USA),22 / 5 m,2026-03-12 08:42:50.525237,18,-63,0.0,189.8
SY TICONDEROGA,-,-,,-,-,3 min ago,367384280,WCD3366,Sailing vessel,United States (USA),22 / 5 m,2026-03-12 09:28:57.950135,18,-63,0.0,245.5
SY TICONDEROGA,-,-,,-,-,2 min ago,367384280,WCD3366,Sailing vessel,United States (USA),22 / 5 m,2026-03-12 10:09:49.303091,18,-63,0.5,54.2
SY TICONDEROGA,-,-,,-,-,1 min ago,367384280,WCD3366,Sailing vessel,United States (USA),22 / 5 m,2026-03-12 11:00:27.874827,18,-63,0.2,99.6
SY TICONDEROGA,-,-,,-,-,1 min ago,367384280,WCD3366,Sailing vessel,United States (USA),22 / 5 m,2026-03-12 11:38:36.040350,18,-63,0.0,99.9
SY TICONDEROGA,-,-,,-,-,3 min ago,367384280,WCD3366,Sailing vessel,United States (USA),22 / 5 m,2026-03-12 11:58:50.191088,18,-63,0.2,99.9
SY TICONDEROGA,-,-,,-,-,2 min ago,367384280,WCD3366,Sailing vessel,United States (USA),22 / 5 m,2026-03-12 13:21:28.725078,18,-63,0.1,219.6
SY TICONDEROGA,-,-,,-,-,2 min ago,367384280,WCD3366,Sailing vessel,United States (USA),22 / 5 m,2026-03-12 14:12:49.240108,18,-63,0.0,262.3
SY TICONDEROGA,-,-,,-,-,1 min ago,367384280,WCD3366,Sailing vessel,United States (USA),22 / 5 m,2026-03-12 15:11:08.979203,18,-63,0.8,343.8
SY TICONDEROGA,-,-,,-,-,1 min ago,367384280,WCD3366,Sailing vessel,United States (USA),22 / 5 m,2026-03-12 16:16:09.929143,18,-63,0.0,5.6
SY TICONDEROGA,-,-,,-,-,2 min ago,367384280,WCD3366,Sailing vessel,United States (USA),22 / 5 m,2026-03-12 17:13:53.296855,18,-63,0.1,321.4
SY TICONDEROGA,-,-,,-,-,2 min ago,367384280,WCD3366,Sailing vessel,United States (USA),22 / 5 m,2026-03-12 18:04:44.334173,18,-63,0.0,357.3
SY TICONDEROGA,-,-,,-,-,3 min ago,367384280,WCD3366,Sailing vessel,United States (USA),22 / 5 m,2026-03-12 19:08:48.589242,18,-63,0.2,331.4
SY TICONDEROGA,-,-,,-,-,1 min ago,367384280,WCD3366,Sailing vessel,United States (USA),22 / 5 m,2026-03-12 19:52:16.433542,18,-63,0.0,303.5
SY TICONDEROGA,-,-,,-,-,2 min ago,367384280,WCD3366,Sailing vessel,United States (USA),22 / 5 m,2026-03-12 20:25:37.820809,18,-63,0.0,303.5
SY TICONDEROGA,-,-,,-,-,0 min ago,367384280,WCD3366,Sailing vessel,United States (USA),22 / 5 m,2026-03-12 21:00:24.122388,18,-63,0.0,303.5
SY TICONDEROGA,-,-,,-,-,1 min ago,367384280,WCD3366,Sailing vessel,United States (USA),22 / 5 m,2026-03-12 21:43:33.248444,18,-63,0.0,322.0
SY TICONDEROGA,-,-,,-,-,2 min ago,367384280,WCD3366,Sailing vessel,United States (USA),22 / 5 m,2026-03-12 22:01:44.971380,18,-63,0.2,352.4
SY TICONDEROGA,-,-,,-,-,3 min ago,367384280,WCD3366,Sailing vessel,United States (USA),22 / 5 m,2026-03-12 22:38:41.964505,18,-63,0.2,300.5
SY TICONDEROGA,-,-,,-,-,0 min ago,367384280,WCD3366,Sailing vessel,United States (USA),22 / 5 m,2026-03-12 23:00:21.836289,18,-63,0.6,300.4
SY TICONDEROGA,-,-,,-,-,2 min ago,367384280,WCD3366,Sailing vessel,United States (USA),22 / 5 m,2026-03-12 23:37:59.632232,18,-63,0.2,16.4
SY TICONDEROGA,-,-,,-,-,1 min ago,367384280,WCD3366,Sailing vessel,United States (USA),22 / 5 m,2026-03-12 23:57:34.204397,18,-63,0.3,26.7
SY TICONDEROGA,-,-,,-,-,0 min ago,367384280,WCD3366,Sailing vessel,United States (USA),22 / 5 m,2026-03-13 02:36:35.489884,18,-63,0.1,134.8
SY TICONDEROGA,-,-,,-,-,1 min ago,367384280,WCD3366,Sailing vessel,United States (USA),22 / 5 m,2026-03-13 04:25:44.653345,18,-63,0.3,284.6
SY TICONDEROGA,-,-,,-,-,0 min ago,367384280,WCD3366,Sailing vessel,United States (USA),22 / 5 m,2026-03-13 05:33:18.056071,18,-63,0.2,355.8
SY TICONDEROGA,-,-,,-,-,1 min ago,367384280,WCD3366,Sailing vessel,United States (USA),22 / 5 m,2026-03-13 06:30:07.330557,18,-63,0.3,36.8
SY TICONDEROGA,-,-,,-,-,3 min ago,367384280,WCD3366,Sailing vessel,United States (USA),22 / 5 m,2026-03-13 07:29:33.887595,18,-63,0.1,51.6
SY TICONDEROGA,-,-,,-,-,1 min ago,367384280,WCD3366,Sailing vessel,United States (USA),22 / 5 m,2026-03-13 08:03:24.501305,18,-63,0.0,238.9
SY TICONDEROGA,-,-,,-,-,2 min ago,367384280,WCD3366,Sailing vessel,United States (USA),22 / 5 m,2026-03-13 08:55:50.116123,18,-63,0.7,117.8
SY TICONDEROGA,-,-,,-,-,2 min ago,367384280,WCD3366,Sailing vessel,United States (USA),22 / 5 m,2026-03-13 09:40:33.035513,18,-63,0.3,27.8
SY TICONDEROGA,-,-,,-,-,1 min ago,367384280,WCD3366,Sailing vessel,United States (USA),22 / 5 m,2026-03-13 10:19:43.670069,18,-63,0.0,305.1
SY TICONDEROGA,-,-,,-,-,3 min ago,367384280,WCD3366,Sailing vessel,United States (USA),22 / 5 m,2026-03-13 11:00:27.937679,18,-63,0.1,197.3
SY TICONDEROGA,-,-,,-,-,3 min ago,367384280,WCD3366,Sailing vessel,United States (USA),22 / 5 m,2026-03-13 11:39:17.035499,18,-63,0.0,208.0
SY TICONDEROGA,-,-,,-,-,3 min ago,367384280,WCD3366,Sailing vessel,United States (USA),22 / 5 m,2026-03-13 12:00:00.601295,18,-63,0.1,128.8
SY TICONDEROGA,-,-,,-,-,2 min ago,367384280,WCD3366,Sailing vessel,United States (USA),22 / 5 m,2026-03-13 13:20:18.076434,18,-63,0.0,213.8
SY TICONDEROGA,-,-,,-,-,3 min ago,367384280,WCD3366,Sailing vessel,United States (USA),22 / 5 m,2026-03-13 14:09:11.780482,18,-63,0.2,120.8
SY TICONDEROGA,-,-,,-,-,1 min ago,367384280,WCD3366,Sailing vessel,United States (USA),22 / 5 m,2026-03-13 15:01:19.986137,18,-63,0.4,182.3
SY TICONDEROGA,-,-,,-,-,3 min ago,367384280,WCD3366,Sailing vessel,United States (USA),22 / 5 m,2026-03-13 15:54:25.822119,18,-63,0.1,323.0
SY TICONDEROGA,-,-,,-,-,1 min ago,367384280,WCD3366,Sailing vessel,United States (USA),22 / 5 m,2026-03-13 16:37:44.011280,18,-63,0.0,157.6
SY TICONDEROGA,-,-,,-,-,3 min ago,367384280,WCD3366,Sailing vessel,United States (USA),22 / 5 m,2026-03-13 17:21:19.486850,18,-63,0.2,229.4
SY TICONDEROGA,-,-,,-,-,2 min ago,367384280,WCD3366,Sailing vessel,United States (USA),22 / 5 m,2026-03-13 17:56:20.500892,18,-63,0.1,258.3
SY TICONDEROGA,-,-,,-,-,2 min ago,367384280,WCD3366,Sailing vessel,United States (USA),22 / 5 m,2026-03-13 18:47:37.759166,18,-63,0.2,312.7
SY TICONDEROGA,-,-,,-,-,1 min ago,367384280,WCD3366,Sailing vessel,United States (USA),22 / 5 m,2026-03-13 19:22:42.390863,18,-63,0.0,188.1
SY TICONDEROGA,-,-,,-,-,2 min ago,367384280,WCD3366,Sailing vessel,United States (USA),22 / 5 m,2026-03-13 19:53:22.119254,18,-63,0.1,179.2
SY TICONDEROGA,-,-,,-,-,1 min ago,367384280,WCD3366,Sailing vessel,United States (USA),22 / 5 m,2026-03-13 20:28:13.123096,18,-63,0.1,125.1
SY TICONDEROGA,-,-,,-,-,2 min ago,367384280,WCD3366,Sailing vessel,United States (USA),22 / 5 m,2026-03-13 21:02:15.671029,18,-63,0.1,125.1
SY TICONDEROGA,-,-,,-,-,1 min ago,367384280,WCD3366,Sailing vessel,United States (USA),22 / 5 m,2026-03-13 21:46:09.520957,18,-63,0.0,21.8
SY TICONDEROGA,-,-,,-,-,3 min ago,367384280,WCD3366,Sailing vessel,United States (USA),22 / 5 m,2026-03-13 22:15:03.186788,18,-63,0.3,54.0
SY TICONDEROGA,-,-,,-,-,2 min ago,367384280,WCD3366,Sailing vessel,United States (USA),22 / 5 m,2026-03-13 22:47:25.885220,18,-63,0.0,332.0
SY TICONDEROGA,-,-,,-,-,3 min ago,367384280,WCD3366,Sailing vessel,United States (USA),22 / 5 m,2026-03-13 23:15:16.809749,18,-63,0.0,331.9
SY TICONDEROGA,-,-,,-,-,0 min ago,367384280,WCD3366,Sailing vessel,United States (USA),22 / 5 m,2026-03-13 23:45:39.843791,18,-63,0.1,63.2
SY TICONDEROGA,-,-,,-,-,3 min ago,367384280,WCD3366,Sailing vessel,United States (USA),22 / 5 m,2026-03-14 00:03:06.700206,18,-63,0.0,49.4
SY TICONDEROGA,-,-,,-,-,0 min ago,367384280,WCD3366,Sailing vessel,United States (USA),22 / 5 m,2026-03-14 02:48:50.680495,18,-63,0.2,124.3
SY TICONDEROGA,-,-,,-,-,3 min ago,367384280,WCD3366,Sailing vessel,United States (USA),22 / 5 m,2026-03-14 04:25:41.668210,18,-63,0.0,241.2
SY TICONDEROGA,-,-,,-,-,3 min ago,367384280,WCD3366,Sailing vessel,United States (USA),22 / 5 m,2026-03-14 05:31:48.100555,18,-63,0.0,320.2
SY TICONDEROGA,-,-,,-,-,1 min ago,367384280,WCD3366,Sailing vessel,United States (USA),22 / 5 m,2026-03-14 06:08:41.916873,18,-63,0.0,245.3
SY TICONDEROGA,-,-,,-,-,1 min ago,367384280,WCD3366,Sailing vessel,United States (USA),22 / 5 m,2026-03-14 07:06:03.300943,18,-63,0.0,75.7
SY TICONDEROGA,-,-,,-,-,2 min ago,367384280,WCD3366,Sailing vessel,United States (USA),22 / 5 m,2026-03-14 07:48:23.987040,18,-63,0.0,40.1
SY TICONDEROGA,-,-,,-,-,2 min ago,367384280,WCD3366,Sailing vessel,United States (USA),22 / 5 m,2026-03-14 08:18:29.595324,18,-63,0.1,40.1
SY TICONDEROGA,-,-,,-,-,3 min ago,367384280,WCD3366,Sailing vessel,United States (USA),22 / 5 m,2026-03-14 08:55:13.594763,18,-63,0.0,277.3
SY TICONDEROGA,-,-,,-,-,1 min ago,367384280,WCD3366,Sailing vessel,United States (USA),22 / 5 m,2026-03-14 09:32:51.857932,18,-63,0.0,166.5
SY TICONDEROGA,-,-,,-,-,3 min ago,367384280,WCD3366,Sailing vessel,United States (USA),22 / 5 m,2026-03-14 09:58:30.594435,18,-63,0.0,166.5
SY TICONDEROGA,-,-,,-,-,1 min ago,367384280,WCD3366,Sailing vessel,United States (USA),22 / 5 m,2026-03-14 10:38:18.175615,18,-63,0.0,72.5
SY TICONDEROGA,-,-,,-,-,2 min ago,367384280,WCD3366,Sailing vessel,United States (USA),22 / 5 m,2026-03-14 11:00:31.275993,18,-63,0.0,57.9
SY TICONDEROGA,-,-,,-,-,2 min ago,367384280,WCD3366,Sailing vessel,United States (USA),22 / 5 m,2026-03-14 11:33:40.318961,18,-63,0.0,1.8
SY TICONDEROGA,-,-,,-,-,1 min ago,367384280,WCD3366,Sailing vessel,United States (USA),22 / 5 m,2026-03-14 11:53:35.070589,18,-63,0.2,304.6
SY TICONDEROGA,-,-,,-,-,3 min ago,367384280,WCD3366,Sailing vessel,United States (USA),22 / 5 m,2026-03-14 12:39:54.987097,18,-63,0.1,203.1
SY TICONDEROGA,-,-,,-,-,3 min ago,367384280,WCD3366,Sailing vessel,United States (USA),22 / 5 m,2026-03-14 13:34:05.149520,18,-63,0.1,244.5
SY TICONDEROGA,-,-,,-,-,2 min ago,367384280,WCD3366,Sailing vessel,United States (USA),22 / 5 m,2026-03-14 14:03:48.520244,18,-63,0.2,147.9
SY TICONDEROGA,-,-,,-,-,0 min ago,367384280,WCD3366,Sailing vessel,United States (USA),22 / 5 m,2026-03-14 14:44:09.620969,18,-63,5.8,190.8
SY TICONDEROGA,-,-,,-,-,0 min ago,367384280,WCD3366,Sailing vessel,United States (USA),22 / 5 m,2026-03-14 15:03:09.499692,18,-63,6.3,163.7
SY TICONDEROGA,-,-,,-,-,1 min ago,367384280,WCD3366,Sailing vessel,United States (USA),22 / 5 m,2026-03-14 15:38:32.430867,18,-63,1.4,86.0
SY TICONDEROGA,-,-,,-,-,0 min ago,367384280,WCD3366,Sailing vessel,United States (USA),22 / 5 m,2026-03-14 15:57:17.240285,18,-63,0.6,270.1
SY TICONDEROGA,-,-,,-,-,0 min ago,367384280,WCD3366,Sailing vessel,United States (USA),22 / 5 m,2026-03-14 16:38:20.662938,18,-63,6.4,308.1
SY TICONDEROGA,-,-,,-,-,0 min ago,367384280,WCD3366,Sailing vessel,United States (USA),22 / 5 m,2026-03-14 17:02:36.188293,18,-63,3.5,10.7
SY TICONDEROGA,-,-,,-,-,3 min ago,367384280,WCD3366,Sailing vessel,United States (USA),22 / 5 m,2026-03-14 17:38:19.275854,18,-63,0.0,212.8
SY TICONDEROGA,-,-,,-,-,2 min ago,367384280,WCD3366,Sailing vessel,United States (USA),22 / 5 m,2026-03-14 17:58:29.018433,18,-63,0.0,270.7
SY TICONDEROGA,-,-,,-,-,2 min ago,367384280,WCD3366,Sailing vessel,United States (USA),22 / 5 m,2026-03-14 18:52:37.340115,18,-63,0.1,277.7
SY TICONDEROGA,-,-,,-,-,1 min ago,367384280,WCD3366,Sailing vessel,United States (USA),22 / 5 m,2026-03-14 19:21:36.496752,18,-63,0.0,252.0
SY TICONDEROGA,-,-,,-,-,1 min ago,367384280,WCD3366,Sailing vessel,United States (USA),22 / 5 m,2026-03-14 19:45:34.474174,18,-63,0.0,273.5
SY TICONDEROGA,-,-,,-,-,1 min ago,367384280,WCD3366,Sailing vessel,United States (USA),22 / 5 m,2026-03-14 20:00:15.636745,18,-63,0.3,320.8
SY TICONDEROGA,-,-,,-,-,1 min ago,367384280,WCD3366,Sailing vessel,United States (USA),22 / 5 m,2026-03-14 20:39:53.659414,18,-63,0.0,320.7
SY TICONDEROGA,-,-,,-,-,1 min ago,367384280,WCD3366,Sailing vessel,United States (USA),22 / 5 m,2026-03-14 20:59:59.620927,18,-63,0.0,320.8
SY TICONDEROGA,-,-,,-,-,3 min ago,367384280,WCD3366,Sailing vessel,United States (USA),22 / 5 m,2026-03-14 21:35:16.740485,18,-63,0.1,152.4
SY TICONDEROGA,-,-,,-,-,2 min ago,367384280,WCD3366,Sailing vessel,United States (USA),22 / 5 m,2026-03-14 21:55:10.251719,18,-63,0.1,97.7
SY TICONDEROGA,-,-,,-,-,2 min ago,367384280,WCD3366,Sailing vessel,United States (USA),22 / 5 m,2026-03-14 22:25:47.499128,18,-63,0.1,97.7
SY TICONDEROGA,-,-,,-,-,3 min ago,367384280,WCD3366,Sailing vessel,United States (USA),22 / 5 m,2026-03-14 22:53:25.443315,18,-63,0.0,93.0
SY TICONDEROGA,-,-,,-,-,2 min ago,367384280,WCD3366,Sailing vessel,United States (USA),22 / 5 m,2026-03-14 23:22:46.061060,18,-63,0.1,93.0
SY TICONDEROGA,-,-,,-,-,1 min ago,367384280,WCD3366,Sailing vessel,United States (USA),22 / 5 m,2026-03-14 23:48:46.517730,18,-63,0.1,93.0
SY TICONDEROGA,-,-,,-,-,2 min ago,367384280,WCD3366,Sailing vessel,United States (USA),22 / 5 m,2026-03-15 01:04:01.997759,18,-63,0.0,326.4
SY TICONDEROGA,-,-,,-,-,1 min ago,367384280,WCD3366,Sailing vessel,United States (USA),22 / 5 m,2026-03-15 05:42:15.966004,18,-63,0.1,230.9
SY TICONDEROGA,-,-,,-,-,1 min ago,367384280,WCD3366,Sailing vessel,United States (USA),22 / 5 m,2026-03-15 06:39:12.313165,18,-63,0.2,269.5
SY TICONDEROGA,-,-,,-,-,1 min ago,367384280,WCD3366,Sailing vessel,United States (USA),22 / 5 m,2026-03-15 07:33:06.266373,18,-63,0.0,258.4
SY TICONDEROGA,-,-,,-,-,3 min ago,367384280,WCD3366,Sailing vessel,United States (USA),22 / 5 m,2026-03-15 08:02:34.398185,18,-63,0.0,195.6
SY TICONDEROGA,-,-,,-,-,1 min ago,367384280,WCD3366,Sailing vessel,United States (USA),22 / 5 m,2026-03-15 08:51:41.427108,18,-63,0.2,156.8
SY TICONDEROGA,-,-,,-,-,1 min ago,367384280,WCD3366,Sailing vessel,United States (USA),22 / 5 m,2026-03-15 09:24:21.982673,18,-63,0.0,122.6
SY TICONDEROGA,-,-,,-,-,3 min ago,367384280,WCD3366,Sailing vessel,United States (USA),22 / 5 m,2026-03-15 09:56:24.569092,18,-63,0.1,122.6
SY TICONDEROGA,-,-,,-,-,2 min ago,367384280,WCD3366,Sailing vessel,United States (USA),22 / 5 m,2026-03-15 10:34:01.339224,18,-63,0.0,265.7
SY TICONDEROGA,-,-,,-,-,1 min ago,367384280,WCD3366,Sailing vessel,United States (USA),22 / 5 m,2026-03-15 11:00:42.091291,18,-63,0.0,243.3
SY TICONDEROGA,-,-,,-,-,3 min ago,367384280,WCD3366,Sailing vessel,United States (USA),22 / 5 m,2026-03-15 11:35:15.496456,18,-63,0.2,243.3
SY TICONDEROGA,-,-,,-,-,0 min ago,367384280,WCD3366,Sailing vessel,United States (USA),22 / 5 m,2026-03-15 11:53:50.962224,18,-63,0.2,149.4
SY TICONDEROGA,-,-,,-,-,1 min ago,367384280,WCD3366,Sailing vessel,United States (USA),22 / 5 m,2026-03-15 12:43:00.646337,18,-63,0.1,277.3
SY TICONDEROGA,-,-,,-,-,3 min ago,367384280,WCD3366,Sailing vessel,United States (USA),22 / 5 m,2026-03-15 13:36:20.822381,18,-63,0.3,257.4
SY TICONDEROGA,-,-,,-,-,3 min ago,367384280,WCD3366,Sailing vessel,United States (USA),22 / 5 m,2026-03-15 14:06:10.279896,18,-63,0.2,138.1
SY TICONDEROGA,-,-,,-,-,3 min ago,367384280,WCD3366,Sailing vessel,United States (USA),22 / 5 m,2026-03-15 14:47:54.710884,18,-63,0.2,326.4
SY TICONDEROGA,-,-,,-,-,1 min ago,367384280,WCD3366,Sailing vessel,United States (USA),22 / 5 m,2026-03-15 15:16:23.403079,18,-63,0.1,345.8
SY TICONDEROGA,-,-,,-,-,3 min ago,367384280,WCD3366,Sailing vessel,United States (USA),22 / 5 m,2026-03-15 15:47:27.263271,18,-63,0.1,51.9
SY TICONDEROGA,-,-,,-,-,1 min ago,367384280,WCD3366,Sailing vessel,United States (USA),22 / 5 m,2026-03-15 16:15:26.521069,18,-63,0.1,51.9
SY TICONDEROGA,-,-,,-,-,0 min ago,367384280,WCD3366,Sailing vessel,United States (USA),22 / 5 m,2026-03-15 16:51:20.446339,18,-63,0.1,39.4
SY TICONDEROGA,-,-,,-,-,3 min ago,367384280,WCD3366,Sailing vessel,United States (USA),22 / 5 m,2026-03-15 17:18:03.652894,18,-63,0.0,70.9
SY TICONDEROGA,-,-,,-,-,1 min ago,367384280,WCD3366,Sailing vessel,United States (USA),22 / 5 m,2026-03-15 17:49:20.405918,18,-63,0.3,228.1
SY TICONDEROGA,-,-,,-,-,8 min ago,367384280,WCD3366,Sailing vessel,United States (USA),22 / 5 m,2026-03-15 18:20:12.788934,18,-63,0.3,72.6
SY TICONDEROGA,-,-,,-,-,2 min ago,367384280,WCD3366,Sailing vessel,United States (USA),22 / 5 m,2026-03-15 19:01:49.185497,18,-63,0.2,329.3
SY TICONDEROGA,-,-,,-,-,5 min ago,367384280,WCD3366,Sailing vessel,United States (USA),22 / 5 m,2026-03-15 19:37:29.890944,18,-63,0.0,329.3
SY TICONDEROGA,-,-,,-,-,5 min ago,367384280,WCD3366,Sailing vessel,United States (USA),22 / 5 m,2026-03-15 19:55:40.149039,18,-63,0.0,329.3
SY TICONDEROGA,-,-,,-,-,4 min ago,367384280,WCD3366,Sailing vessel,United States (USA),22 / 5 m,2026-03-15 20:30:58.483286,18,-63,0.0,308.9
SY TICONDEROGA,-,-,,-,-,3 min ago,367384280,WCD3366,Sailing vessel,United States (USA),22 / 5 m,2026-03-15 20:56:48.508854,18,-63,0.0,286.7
SY TICONDEROGA,-,-,,-,-,2 min ago,367384280,WCD3366,Sailing vessel,United States (USA),22 / 5 m,2026-03-15 21:32:23.477123,18,-63,0.3,302.0
SY TICONDEROGA,-,-,,-,-,1 min ago,367384280,WCD3366,Sailing vessel,United States (USA),22 / 5 m,2026-03-15 21:55:12.004933,18,-63,0.0,323.6
SY TICONDEROGA,-,-,,-,-,4 min ago,367384280,WCD3366,Sailing vessel,United States (USA),22 / 5 m,2026-03-15 22:27:32.501427,18,-63,0.2,279.0
SY TICONDEROGA,-,-,,-,-,3 min ago,367384280,WCD3366,Sailing vessel,United States (USA),22 / 5 m,2026-03-15 22:56:52.313939,18,-63,0.0,274.4
SY TICONDEROGA,-,-,,-,-,1 min ago,367384280,WCD3366,Sailing vessel,United States (USA),22 / 5 m,2026-03-15 23:33:28.246868,18,-63,0.3,269.7
SY TICONDEROGA,-,-,,-,-,3 min ago,367384280,WCD3366,Sailing vessel,United States (USA),22 / 5 m,2026-03-15 23:56:29.911163,18,-63,0.1,303.8
SY TICONDEROGA,-,-,,-,-,1 min ago,367384280,WCD3366,Sailing vessel,United States (USA),22 / 5 m,2026-03-16 02:42:37.853006,18,-63,0.0,267.9
SY TICONDEROGA,-,-,,-,-,0 min ago,367384280,WCD3366,Sailing vessel,United States (USA),22 / 5 m,2026-03-16 05:06:21.344208,18,-63,0.2,12.2
SY TICONDEROGA,-,-,,-,-,3 min ago,367384280,WCD3366,Sailing vessel,United States (USA),22 / 5 m,2026-03-16 06:48:02.969111,18,-63,0.2,269.5
SY TICONDEROGA,-,-,,-,-,2 min ago,367384280,WCD3366,Sailing vessel,United States (USA),22 / 5 m,2026-03-16 07:59:08.742209,18,-63,0.5,32.7
SY TICONDEROGA,-,-,,-,-,2 min ago,367384280,WCD3366,Sailing vessel,United States (USA),22 / 5 m,2026-03-16 09:09:30.512868,18,-63,0.0,129.4
SY TICONDEROGA,-,-,,-,-,1 min ago,367384280,WCD3366,Sailing vessel,United States (USA),22 / 5 m,2026-03-16 10:14:48.686360,18,-63,0.5,216.2
SY TICONDEROGA,-,-,,-,-,3 min ago,367384280,WCD3366,Sailing vessel,United States (USA),22 / 5 m,2026-03-16 11:13:25.388744,18,-63,0.4,159.3
SY TICONDEROGA,-,-,,-,-,0 min ago,367384280,WCD3366,Sailing vessel,United States (USA),22 / 5 m,2026-03-16 11:59:16.848619,18,-63,0.1,151.8
SY TICONDEROGA,-,-,,-,-,1 min ago,367384280,WCD3366,Sailing vessel,United States (USA),22 / 5 m,2026-03-16 13:47:34.479813,18,-63,0.0,111.4
SY TICONDEROGA,-,-,,-,-,1 min ago,367384280,WCD3366,Sailing vessel,United States (USA),22 / 5 m,2026-03-16 14:50:45.526977,18,-63,0.3,187.3
SY TICONDEROGA,-,-,,-,-,3 min ago,367384280,WCD3366,Sailing vessel,United States (USA),22 / 5 m,2026-03-16 15:52:56.096720,18,-63,0.0,37.0
SY TICONDEROGA,-,-,,-,-,3 min ago,367384280,WCD3366,Sailing vessel,United States (USA),22 / 5 m,2026-03-16 16:55:44.534081,18,-63,0.5,48.0
SY TICONDEROGA,-,-,,-,-,2 min ago,367384280,WCD3366,Sailing vessel,United States (USA),22 / 5 m,2026-03-16 18:01:10.590237,18,-63,0.1,337.2
SY TICONDEROGA,-,-,,-,-,1 min ago,367384280,WCD3366,Sailing vessel,United States (USA),22 / 5 m,2026-03-16 19:17:52.124528,18,-63,0.0,34.1
SY TICONDEROGA,-,-,,-,-,2 min ago,367384280,WCD3366,Sailing vessel,United States (USA),22 / 5 m,2026-03-16 19:58:06.597312,18,-63,0.1,312.1
SY TICONDEROGA,-,-,,-,-,2 min ago,367384280,WCD3366,Sailing vessel,United States (USA),22 / 5 m,2026-03-16 20:49:11.485339,18,-63,0.0,277.6
SY TICONDEROGA,-,-,,-,-,3 min ago,367384280,WCD3366,Sailing vessel,United States (USA),22 / 5 m,2026-03-16 21:25:59.676469,18,-63,0.0,184.2
SY TICONDEROGA,-,-,,-,-,0 min ago,367384280,WCD3366,Sailing vessel,United States (USA),22 / 5 m,2026-03-16 22:02:18.281186,18,-63,0.1,251.1
SY TICONDEROGA,-,-,,-,-,1 min ago,367384280,WCD3366,Sailing vessel,United States (USA),22 / 5 m,2026-03-16 22:48:02.471648,18,-63,0.0,185.1
SY TICONDEROGA,-,-,,-,-,3 min ago,367384280,WCD3366,Sailing vessel,United States (USA),22 / 5 m,2026-03-16 23:17:12.037468,18,-63,0.2,295.2
SY TICONDEROGA,-,-,,-,-,1 min ago,367384280,WCD3366,Sailing vessel,United States (USA),22 / 5 m,2026-03-16 23:50:33.688939,18,-63,0.1,6.3
SY TICONDEROGA,-,-,,-,-,1 min ago,367384280,WCD3366,Sailing vessel,United States (USA),22 / 5 m,2026-03-17 00:57:14.945687,18,-63,0.0,140.0
SY TICONDEROGA,-,-,,-,-,3 min ago,367384280,WCD3366,Sailing vessel,United States (USA),22 / 5 m,2026-03-17 03:35:34.564659,18,-63,0.0,39.7
SY TICONDEROGA,-,-,,-,-,2 min ago,367384280,WCD3366,Sailing vessel,United States (USA),22 / 5 m,2026-03-17 05:11:20.409187,18,-63,0.0,190.4
SY TICONDEROGA,-,-,,-,-,2 min ago,367384280,WCD3366,Sailing vessel,United States (USA),22 / 5 m,2026-03-17 06:14:27.271052,18,-63,0.0,276.9
SY TICONDEROGA,-,-,,-,-,1 min ago,367384280,WCD3366,Sailing vessel,United States (USA),22 / 5 m,2026-03-17 07:31:40.342188,18,-63,0.2,293.7
SY TICONDEROGA,-,-,,-,-,2 min ago,367384280,WCD3366,Sailing vessel,United States (USA),22 / 5 m,2026-03-17 08:09:16.755699,18,-63,0.0,293.7
SY TICONDEROGA,-,-,,-,-,1 min ago,367384280,WCD3366,Sailing vessel,United States (USA),22 / 5 m,2026-03-17 09:08:14.886106,18,-63,0.1,123.5
SY TICONDEROGA,-,-,,-,-,1 min ago,367384280,WCD3366,Sailing vessel,United States (USA),22 / 5 m,2026-03-17 10:08:02.492529,18,-63,0.0,235.2
SY TICONDEROGA,-,-,,-,-,1 min ago,367384280,WCD3366,Sailing vessel,United States (USA),22 / 5 m,2026-03-17 11:07:44.384209,18,-63,0.0,135.3
SY TICONDEROGA,-,-,,-,-,3 min ago,367384280,WCD3366,Sailing vessel,United States (USA),22 / 5 m,2026-03-17 11:54:45.613854,18,-63,0.2,201.6
SY TICONDEROGA,-,-,,-,-,2 min ago,367384280,WCD3366,Sailing vessel,United States (USA),22 / 5 m,2026-03-17 13:08:41.108658,18,-63,0.1,258.8
SY TICONDEROGA,-,-,,-,-,3 min ago,367384280,WCD3366,Sailing vessel,United States (USA),22 / 5 m,2026-03-17 14:22:02.009874,18,-63,0.0,160.9
SY TICONDEROGA,-,-,,-,-,2 min ago,367384280,WCD3366,Sailing vessel,United States (USA),22 / 5 m,2026-03-17 15:35:35.409520,18,-63,0.4,264.5
SY TICONDEROGA,-,-,,-,-,1 min ago,367384280,WCD3366,Sailing vessel,United States (USA),22 / 5 m,2026-03-17 16:44:02.656427,18,-63,0.3,40.2
SY TICONDEROGA,-,-,,-,-,2 min ago,367384280,WCD3366,Sailing vessel,United States (USA),22 / 5 m,2026-03-17 17:45:03.796636,18,-63,0.1,25.4
SY TICONDEROGA,-,-,,-,-,3 min ago,367384280,WCD3366,Sailing vessel,United States (USA),22 / 5 m,2026-03-17 18:39:53.617299,18,-63,0.1,356.8
SY TICONDEROGA,-,-,,-,-,2 min ago,367384280,WCD3366,Sailing vessel,United States (USA),22 / 5 m,2026-03-17 19:42:25.297932,18,-63,0.0,74.9
SY TICONDEROGA,-,-,,-,-,3 min ago,367384280,WCD3366,Sailing vessel,United States (USA),22 / 5 m,2026-03-17 20:22:11.216199,18,-63,0.1,86.6
SY TICONDEROGA,-,-,,-,-,7 min ago,367384280,WCD3366,Sailing vessel,United States (USA),22 / 5 m,2026-03-17 21:02:15.779407,18,-63,0.0,86.6
SY TICONDEROGA,-,-,,-,-,2 min ago,367384280,WCD3366,Sailing vessel,United States (USA),22 / 5 m,2026-03-17 21:50:50.504470,18,-63,0.0,71.7
SY TICONDEROGA,-,-,,-,-,3 min ago,367384280,WCD3366,Sailing vessel,United States (USA),22 / 5 m,2026-03-17 22:21:35.581977,18,-63,0.2,95.1
SY TICONDEROGA,-,-,,-,-,2 min ago,367384280,WCD3366,Sailing vessel,United States (USA),22 / 5 m,2026-03-17 22:57:00.513748,18,-63,0.0,75.5
SY TICONDEROGA,-,-,,-,-,0 min ago,367384280,WCD3366,Sailing vessel,United States (USA),22 / 5 m,2026-03-17 23:37:10.344322,18,-63,0.3,37.4
SY TICONDEROGA,-,-,,-,-,3 min ago,367384280,WCD3366,Sailing vessel,United States (USA),22 / 5 m,2026-03-18 00:01:06.521219,18,-63,0.0,37.4
SY TICONDEROGA,-,-,,-,-,3 min ago,367384280,WCD3366,Sailing vessel,United States (USA),22 / 5 m,2026-03-18 03:16:00.361793,18,-63,0.1,349.1
SY TICONDEROGA,-,-,,-,-,3 min ago,367384280,WCD3366,Sailing vessel,United States (USA),22 / 5 m,2026-03-18 05:10:16.105181,18,-63,0.0,10.5
SY TICONDEROGA,-,-,,-,-,1 min ago,367384280,WCD3366,Sailing vessel,United States (USA),22 / 5 m,2026-03-18 06:13:40.078182,18,-63,0.0,99.4
SY TICONDEROGA,-,-,,-,-,1 min ago,367384280,WCD3366,Sailing vessel,United States (USA),22 / 5 m,2026-03-18 07:19:35.575764,18,-63,0.0,90.3
SY TICONDEROGA,-,-,,-,-,3 min ago,367384280,WCD3366,Sailing vessel,United States (USA),22 / 5 m,2026-03-18 08:03:35.543507,18,-63,0.0,96.2
SY TICONDEROGA,-,-,,-,-,3 min ago,367384280,WCD3366,Sailing vessel,United States (USA),22 / 5 m,2026-03-18 09:03:56.711356,18,-63,0.3,185.7
